id,first_name,last_name,email,gender,ip_address
1,Kaela,Cestard,kcestard0@google.it,Female,88.231.113.88
2,Renaldo,Alliott,ralliott1@paypal.com,Male,200.151.40.149
3,Dill,De Angelo,ddeangelo2@cnbc.com,Male,45.131.73.159
4,Stanford,McGrail,smcgrail3@joomla.org,Male,104.167.250.148
5,Waylen,Moquin,wmoquin4@biglobe.ne.jp,Male,84.30.195.104
6,Salmon,McGinn,smcginn5@washingtonpost.com,Male,62.39.188.111
7,Nessa,Loud,nloud6@flickr.com,Female,102.176.139.9
8,Sella,Yea,syea7@imageshack.us,Female,246.184.73.152
9,Angelita,Cayford,acayford8@sourceforge.net,Female,151.107.0.229
10,Rebecka,Reasun,rreasun9@cbslocal.com,Female,196.116.77.61
11,Haydon,Westcott,hwestcotta@google.fr,Male,0.250.219.143
12,Norine,Finding,nfindingb@bloglovin.com,Female,232.34.153.91
13,Sheila-kathryn,Gainfort,sgainfortc@intel.com,Female,160.195.130.151
14,Kenna,Luty,klutyd@eepurl.com,Female,253.66.238.22
15,Fleur,Stallion,fstallione@cmu.edu,Female,98.98.182.83
16,Lennard,Lytlle,llytllef@g.co,Male,28.59.192.193
17,Helyn,Schoenfisch,hschoenfischg@lycos.com,Genderqueer,251.189.149.94
18,Dedie,Recke,dreckeh@wufoo.com,Female,230.48.140.245
19,Terencio,Bothbie,tbothbiei@unesco.org,Male,199.126.197.148
20,Ellerey,Argo,eargoj@apple.com,Male,151.225.52.57
